Metric,Value
MAE,8.163032587111461
RMSE,16.729800064931723
MSE,279.88621021258945
R^2 (Accuracy),0.4996003700150248
